{"sum": 4066664.0, "avr": 236.97127207039216, "sumMD": 29734.0, "avrMD": 226.9770992366412, "sumSD": 27526.0, "avrSD": 210.12213740458014, "max": 450.0, "min": 26.0}