{
    "sum": 185.89999999999998,
    "min": 0.2,
    "max": 5.0,
    "mean": 2.4460526315789473
}